,Air,Airplane,Alien,Axe,Baby,Beer,Bicycle,Bird,Blood,Book,Bowl,Brain,Butter,Cage,Camera,Car,Castle,Cat,Chain,Chainsaw,Church,Cloud,Cockroach,Community,Computer,Cross,Cup,Death,Devil,Diamond,Dragon,Duck,Dynamite,Electricity,Fence,Film,Fire,Fish,Gold,Grass,Guitar,Gun,Heart,Helicopter,Home,King,Laser,Law,Lightning,Man,Math,Medusa,Money,Monkey,Moon,Mountain,Noise,Nuke,Paper,Peace,Pit,Planet,Platimum,Poison,Police,Porcupine,Power,Prayer,Prince,Princess,Queen,Quicksand,Rain,Rainbow,Robot,Rock,Satan,School,Scissors,Sky,Snake,Spider,Sponge,Sun,Sword,T.V.,Tank,Toilet,Tornado,Train,Tree,Turnip,U.F.O.,Vampire,Video Game,Vulture,Wall,Water,Whip,Wolf,Woman
AircoversPlanet-Guitartips overBowltips overCupstalesBeercreatesRainevaporatesWaterheadedT.V.suspendsRainbowchokesU.F.O.chokesAlienechoesPrayerchillsMountainchokesSatanfreezesDragonscattersDiamondcoolsPlatimumcoolsGoldchokesDevilwobblesFencefreezesVideo GamescattersMathtarnishesRobotfeedsHeartconductsElectricityconductsLightningfreezesMedusamakes windPowerweakensLaserblows astrayNukebecomesSky-TanktossesHelicopterblows outDynamitecreatesTornadoescapesQuicksandfillsPittarnishesChaintarnishesGunscattersLawechoesWhiptarnishesSworderodesRockcarries smell ofDeathbuffetsWallcools heat ofSunknocks overCameraspreadsFireechoesChainsawheadedSchooleclipses
AirplanecoversPlanet-Guitartips overBowltips overCupstalesBeercreatesRainevaporatesWaterheadedT.V.suspendsRainbowchokesU.F.O.chokesAlienechoesPrayerchillsMountainchokesSatanfreezesDragonscattersDiamondcoolsPlatimumcoolsGoldchokesDevilwobblesFencefreezesVideo GamescattersMathtarnishesRobotfeedsHeartconductsElectricityconductsLightningfreezesMedusamakes windPowerweakensLaserblows astrayNukebecomesSky-TanktossesHelicopterblows outDynamitecreatesTornadoescapesQuicksandfillsPittarnishesChaintarnishesGunscattersLawechoesWhiptarnishesSworderodesRockcarries smell ofDeathbuffetsWallcools heat ofSunknocks overCameraspreadsFireechoesChainsawheadedSchooleclipses
AliencoversPlanet-Guitartips overBowltips overCupstalesBeercreatesRainevaporatesWaterheadedT.V.suspendsRainbowchokesU.F.O.chokesAlienechoesPrayerchillsMountainchokesSatanfreezesDragonscattersDiamondcoolsPlatimumcoolsGoldchokesDevilwobblesFencefreezesVideo GamescattersMathtarnishesRobotfeedsHeartconductsElectricityconductsLightningfreezesMedusamakes windPowerweakensLaserblows astrayNukebecomesSky-TanktossesHelicopterblows outDynamitecreatesTornadoescapesQuicksandfillsPittarnishesChaintarnishesGunscattersLawechoesWhiptarnishesSworderodesRockcarries smell ofDeathbuffetsWallcools heat ofSunknocks overCameraspreadsFireechoesChainsawheadedSchooleclipses
AxecoversPlanet-Guitartips overBowltips overCupstalesBeercreatesRainevaporatesWaterheadedT.V.suspendsRainbowchokesU.F.O.chokesAlienechoesPrayerchillsMountainchokesSatanfreezesDragonscattersDiamondcoolsPlatimumcoolsGoldchokesDevilwobblesFencefreezesVideo GamescattersMathtarnishesRobotfeedsHeartconductsElectricityconductsLightningfreezesMedusamakes windPowerweakensLaserblows astrayNukebecomesSky-TanktossesHelicopterblows outDynamitecreatesTornadoescapesQuicksandfillsPittarnishesChaintarnishesGunscattersLawechoesWhiptarnishesSworderodesRockcarries smell ofDeathbuffetsWallcools heat ofSunknocks overCameraspreadsFireechoesChainsawheadedSchooleclipses
BabycoversPlanet-Guitartips overBowltips overCupstalesBeercreatesRainevaporatesWaterheadedT.V.suspendsRainbowchokesU.F.O.chokesAlienechoesPrayerchillsMountainchokesSatanfreezesDragonscattersDiamondcoolsPlatimumcoolsGoldchokesDevilwobblesFencefreezesVideo GamescattersMathtarnishesRobotfeedsHeartconductsElectricityconductsLightningfreezesMedusamakes windPowerweakensLaserblows astrayNukebecomesSky-TanktossesHelicopterblows outDynamitecreatesTornadoescapesQuicksandfillsPittarnishesChaintarnishesGunscattersLawechoesWhiptarnishesSworderodesRockcarries smell ofDeathbuffetsWallcools heat ofSunknocks overCameraspreadsFireechoesChainsawheadedSchooleclipses
BeercoversPlanet-Guitartips overBowltips overCupstalesBeercreatesRainevaporatesWaterheadedT.V.suspendsRainbowchokesU.F.O.chokesAlienechoesPrayerchillsMountainchokesSatanfreezesDragonscattersDiamondcoolsPlatimumcoolsGoldchokesDevilwobblesFencefreezesVideo GamescattersMathtarnishesRobotfeedsHeartconductsElectricityconductsLightningfreezesMedusamakes windPowerweakensLaserblows astrayNukebecomesSky-TanktossesHelicopterblows outDynamitecreatesTornadoescapesQuicksandfillsPittarnishesChaintarnishesGunscattersLawechoesWhiptarnishesSworderodesRockcarries smell ofDeathbuffetsWallcools heat ofSunknocks overCameraspreadsFireechoesChainsawheadedSchooleclipses
BicyclecoversPlanet-Guitartips overBowltips overCupstalesBeercreatesRainevaporatesWaterheadedT.V.suspendsRainbowchokesU.F.O.chokesAlienechoesPrayerchillsMountainchokesSatanfreezesDragonscattersDiamondcoolsPlatimumcoolsGoldchokesDevilwobblesFencefreezesVideo GamescattersMathtarnishesRobotfeedsHeartconductsElectricityconductsLightningfreezesMedusamakes windPowerweakensLaserblows astrayNukebecomesSky-TanktossesHelicopterblows outDynamitecreatesTornadoescapesQuicksandfillsPittarnishesChaintarnishesGunscattersLawechoesWhiptarnishesSworderodesRockcarries smell ofDeathbuffetsWallcools heat ofSunknocks overCameraspreadsFireechoesChainsawheadedSchooleclipses
BirdcoversPlanet-Guitartips overBowltips overCupstalesBeercreatesRainevaporatesWaterheadedT.V.suspendsRainbowchokesU.F.O.chokesAlienechoesPrayerchillsMountainchokesSatanfreezesDragonscattersDiamondcoolsPlatimumcoolsGoldchokesDevilwobblesFencefreezesVideo GamescattersMathtarnishesRobotfeedsHeartconductsElectricityconductsLightningfreezesMedusamakes windPowerweakensLaserblows astrayNukebecomesSky-TanktossesHelicopterblows outDynamitecreatesTornadoescapesQuicksandfillsPittarnishesChaintarnishesGunscattersLawechoesWhiptarnishesSworderodesRockcarries smell ofDeathbuffetsWallcools heat ofSunknocks overCameraspreadsFireechoesChainsawheadedSchooleclipses
BloodcoversPlanet-Guitartips overBowltips overCupstalesBeercreatesRainevaporatesWaterheadedT.V.suspendsRainbowchokesU.F.O.chokesAlienechoesPrayerchillsMountainchokesSatanfreezesDragonscattersDiamondcoolsPlatimumcoolsGoldchokesDevilwobblesFencefreezesVideo GamescattersMathtarnishesRobotfeedsHeartconductsElectricityconductsLightningfreezesMedusamakes windPowerweakensLaserblows astrayNukebecomesSky-TanktossesHelicopterblows outDynamitecreatesTornadoescapesQuicksandfillsPittarnishesChaintarnishesGunscattersLawechoesWhiptarnishesSworderodesRockcarries smell ofDeathbuffetsWallcools heat ofSunknocks overCameraspreadsFireechoesChainsawheadedSchooleclipses
BookcoversPlanet-Guitartips overBowltips overCupstalesBeercreatesRainevaporatesWaterheadedT.V.suspendsRainbowchokesU.F.O.chokesAlienechoesPrayerchillsMountainchokesSatanfreezesDragonscattersDiamondcoolsPlatimumcoolsGoldchokesDevilwobblesFencefreezesVideo GamescattersMathtarnishesRobotfeedsHeartconductsElectricityconductsLightningfreezesMedusamakes windPowerweakensLaserblows astrayNukebecomesSky-TanktossesHelicopterblows outDynamitecreatesTornadoescapesQuicksandfillsPittarnishesChaintarnishesGunscattersLawechoesWhiptarnishesSworderodesRockcarries smell ofDeathbuffetsWallcools heat ofSunknocks overCameraspreadsFireechoesChainsawheadedSchooleclipses
BowlcoversPlanet-Guitartips overBowltips overCupstalesBeercreatesRainevaporatesWaterheadedT.V.suspendsRainbowchokesU.F.O.chokesAlienechoesPrayerchillsMountainchokesSatanfreezesDragonscattersDiamondcoolsPlatimumcoolsGoldchokesDevilwobblesFencefreezesVideo GamescattersMathtarnishesRobotfeedsHeartconductsElectricityconductsLightningfreezesMedusamakes windPowerweakensLaserblows astrayNukebecomesSky-TanktossesHelicopterblows outDynamitecreatesTornadoescapesQuicksandfillsPittarnishesChaintarnishesGunscattersLawechoesWhiptarnishesSworderodesRockcarries smell ofDeathbuffetsWallcools heat ofSunknocks overCameraspreadsFireechoesChainsawheadedSchooleclipses
BraincoversPlanet-Guitartips overBowltips overCupstalesBeercreatesRainevaporatesWaterheadedT.V.suspendsRainbowchokesU.F.O.chokesAlienechoesPrayerchillsMountainchokesSatanfreezesDragonscattersDiamondcoolsPlatimumcoolsGoldchokesDevilwobblesFencefreezesVideo GamescattersMathtarnishesRobotfeedsHeartconductsElectricityconductsLightningfreezesMedusamakes windPowerweakensLaserblows astrayNukebecomesSky-TanktossesHelicopterblows outDynamitecreatesTornadoescapesQuicksandfillsPittarnishesChaintarnishesGunscattersLawechoesWhiptarnishesSworderodesRockcarries smell ofDeathbuffetsWallcools heat ofSunknocks overCameraspreadsFireechoesChainsawheadedSchooleclipses
ButtercoversPlanet-Guitartips overBowltips overCupstalesBeercreatesRainevaporatesWaterheadedT.V.suspendsRainbowchokesU.F.O.chokesAlienechoesPrayerchillsMountainchokesSatanfreezesDragonscattersDiamondcoolsPlatimumcoolsGoldchokesDevilwobblesFencefreezesVideo GamescattersMathtarnishesRobotfeedsHeartconductsElectricityconductsLightningfreezesMedusamakes windPowerweakensLaserblows astrayNukebecomesSky-TanktossesHelicopterblows outDynamitecreatesTornadoescapesQuicksandfillsPittarnishesChaintarnishesGunscattersLawechoesWhiptarnishesSworderodesRockcarries smell ofDeathbuffetsWallcools heat ofSunknocks overCameraspreadsFireechoesChainsawheadedSchooleclipses
CagecoversPlanet-Guitartips overBowltips overCupstalesBeercreatesRainevaporatesWaterheadedT.V.suspendsRainbowchokesU.F.O.chokesAlienechoesPrayerchillsMountainchokesSatanfreezesDragonscattersDiamondcoolsPlatimumcoolsGoldchokesDevilwobblesFencefreezesVideo GamescattersMathtarnishesRobotfeedsHeartconductsElectricityconductsLightningfreezesMedusamakes windPowerweakensLaserblows astrayNukebecomesSky-TanktossesHelicopterblows outDynamitecreatesTornadoescapesQuicksandfillsPittarnishesChaintarnishesGunscattersLawechoesWhiptarnishesSworderodesRockcarries smell ofDeathbuffetsWallcools heat ofSunknocks overCameraspreadsFireechoesChainsawheadedSchooleclipses
CameracoversPlanet-Guitartips overBowltips overCupstalesBeercreatesRainevaporatesWaterheadedT.V.suspendsRainbowchokesU.F.O.chokesAlienechoesPrayerchillsMountainchokesSatanfreezesDragonscattersDiamondcoolsPlatimumcoolsGoldchokesDevilwobblesFencefreezesVideo GamescattersMathtarnishesRobotfeedsHeartconductsElectricityconductsLightningfreezesMedusamakes windPowerweakensLaserblows astrayNukebecomesSky-TanktossesHelicopterblows outDynamitecreatesTornadoescapesQuicksandfillsPittarnishesChaintarnishesGunscattersLawechoesWhiptarnishesSworderodesRockcarries smell ofDeathbuffetsWallcools heat ofSunknocks overCameraspreadsFireechoesChainsawheadedSchooleclipses
CarcoversPlanet-Guitartips overBowltips overCupstalesBeercreatesRainevaporatesWaterheadedT.V.suspendsRainbowchokesU.F.O.chokesAlienechoesPrayerchillsMountainchokesSatanfreezesDragonscattersDiamondcoolsPlatimumcoolsGoldchokesDevilwobblesFencefreezesVideo GamescattersMathtarnishesRobotfeedsHeartconductsElectricityconductsLightningfreezesMedusamakes windPowerweakensLaserblows astrayNukebecomesSky-TanktossesHelicopterblows outDynamitecreatesTornadoescapesQuicksandfillsPittarnishesChaintarnishesGunscattersLawechoesWhiptarnishesSworderodesRockcarries smell ofDeathbuffetsWallcools heat ofSunknocks overCameraspreadsFireechoesChainsawheadedSchooleclipses
CastlecoversPlanet-Guitartips overBowltips overCupstalesBeercreatesRainevaporatesWaterheadedT.V.suspendsRainbowchokesU.F.O.chokesAlienechoesPrayerchillsMountainchokesSatanfreezesDragonscattersDiamondcoolsPlatimumcoolsGoldchokesDevilwobblesFencefreezesVideo GamescattersMathtarnishesRobotfeedsHeartconductsElectricityconductsLightningfreezesMedusamakes windPowerweakensLaserblows astrayNukebecomesSky-TanktossesHelicopterblows outDynamitecreatesTornadoescapesQuicksandfillsPittarnishesChaintarnishesGunscattersLawechoesWhiptarnishesSworderodesRockcarries smell ofDeathbuffetsWallcools heat ofSunknocks overCameraspreadsFireechoesChainsawheadedSchooleclipses
CatcoversPlanet-Guitartips overBowltips overCupstalesBeercreatesRainevaporatesWaterheadedT.V.suspendsRainbowchokesU.F.O.chokesAlienechoesPrayerchillsMountainchokesSatanfreezesDragonscattersDiamondcoolsPlatimumcoolsGoldchokesDevilwobblesFencefreezesVideo GamescattersMathtarnishesRobotfeedsHeartconductsElectricityconductsLightningfreezesMedusamakes windPowerweakensLaserblows astrayNukebecomesSky-TanktossesHelicopterblows outDynamitecreatesTornadoescapesQuicksandfillsPittarnishesChaintarnishesGunscattersLawechoesWhiptarnishesSworderodesRockcarries smell ofDeathbuffetsWallcools heat ofSunknocks overCameraspreadsFireechoesChainsawheadedSchooleclipses
ChaincoversPlanet-Guitartips overBowltips overCupstalesBeercreatesRainevaporatesWaterheadedT.V.suspendsRainbowchokesU.F.O.chokesAlienechoesPrayerchillsMountainchokesSatanfreezesDragonscattersDiamondcoolsPlatimumcoolsGoldchokesDevilwobblesFencefreezesVideo GamescattersMathtarnishesRobotfeedsHeartconductsElectricityconductsLightningfreezesMedusamakes windPowerweakensLaserblows astrayNukebecomesSky-TanktossesHelicopterblows outDynamitecreatesTornadoescapesQuicksandfillsPittarnishesChaintarnishesGunscattersLawechoesWhiptarnishesSworderodesRockcarries smell ofDeathbuffetsWallcools heat ofSunknocks overCameraspreadsFireechoesChainsawheadedSchooleclipses
ChainsawcoversPlanet-Guitartips overBowltips overCupstalesBeercreatesRainevaporatesWaterheadedT.V.suspendsRainbowchokesU.F.O.chokesAlienechoesPrayerchillsMountainchokesSatanfreezesDragonscattersDiamondcoolsPlatimumcoolsGoldchokesDevilwobblesFencefreezesVideo GamescattersMathtarnishesRobotfeedsHeartconductsElectricityconductsLightningfreezesMedusamakes windPowerweakensLaserblows astrayNukebecomesSky-TanktossesHelicopterblows outDynamitecreatesTornadoescapesQuicksandfillsPittarnishesChaintarnishesGunscattersLawechoesWhiptarnishesSworderodesRockcarries smell ofDeathbuffetsWallcools heat ofSunknocks overCameraspreadsFireechoesChainsawheadedSchooleclipses
ChurchcoversPlanet-Guitartips overBowltips overCupstalesBeercreatesRainevaporatesWaterheadedT.V.suspendsRainbowchokesU.F.O.chokesAlienechoesPrayerchillsMountainchokesSatanfreezesDragonscattersDiamondcoolsPlatimumcoolsGoldchokesDevilwobblesFencefreezesVideo GamescattersMathtarnishesRobotfeedsHeartconductsElectricityconductsLightningfreezesMedusamakes windPowerweakensLaserblows astrayNukebecomesSky-TanktossesHelicopterblows outDynamitecreatesTornadoescapesQuicksandfillsPittarnishesChaintarnishesGunscattersLawechoesWhiptarnishesSworderodesRockcarries smell ofDeathbuffetsWallcools heat ofSunknocks overCameraspreadsFireechoesChainsawheadedSchooleclipses
CloudcoversPlanet-Guitartips overBowltips overCupstalesBeercreatesRainevaporatesWaterheadedT.V.suspendsRainbowchokesU.F.O.chokesAlienechoesPrayerchillsMountainchokesSatanfreezesDragonscattersDiamondcoolsPlatimumcoolsGoldchokesDevilwobblesFencefreezesVideo GamescattersMathtarnishesRobotfeedsHeartconductsElectricityconductsLightningfreezesMedusamakes windPowerweakensLaserblows astrayNukebecomesSky-TanktossesHelicopterblows outDynamitecreatesTornadoescapesQuicksandfillsPittarnishesChaintarnishesGunscattersLawechoesWhiptarnishesSworderodesRockcarries smell ofDeathbuffetsWallcools heat ofSunknocks overCameraspreadsFireechoesChainsawheadedSchooleclipses
CockroachcoversPlanet-Guitartips overBowltips overCupstalesBeercreatesRainevaporatesWaterheadedT.V.suspendsRainbowchokesU.F.O.chokesAlienechoesPrayerchillsMountainchokesSatanfreezesDragonscattersDiamondcoolsPlatimumcoolsGoldchokesDevilwobblesFencefreezesVideo GamescattersMathtarnishesRobotfeedsHeartconductsElectricityconductsLightningfreezesMedusamakes windPowerweakensLaserblows astrayNukebecomesSky-TanktossesHelicopterblows outDynamitecreatesTornadoescapesQuicksandfillsPittarnishesChaintarnishesGunscattersLawechoesWhiptarnishesSworderodesRockcarries smell ofDeathbuffetsWallcools heat ofSunknocks overCameraspreadsFireechoesChainsawheadedSchooleclipses
CommunitycoversPlanet-Guitartips overBowltips overCupstalesBeercreatesRainevaporatesWaterheadedT.V.suspendsRainbowchokesU.F.O.chokesAlienechoesPrayerchillsMountainchokesSatanfreezesDragonscattersDiamondcoolsPlatimumcoolsGoldchokesDevilwobblesFencefreezesVideo GamescattersMathtarnishesRobotfeedsHeartconductsElectricityconductsLightningfreezesMedusamakes windPowerweakensLaserblows astrayNukebecomesSky-TanktossesHelicopterblows outDynamitecreatesTornadoescapesQuicksandfillsPittarnishesChaintarnishesGunscattersLawechoesWhiptarnishesSworderodesRockcarries smell ofDeathbuffetsWallcools heat ofSunknocks overCameraspreadsFireechoesChainsawheadedSchooleclipses
ComputercoversPlanet-Guitartips overBowltips overCupstalesBeercreatesRainevaporatesWaterheadedT.V.suspendsRainbowchokesU.F.O.chokesAlienechoesPrayerchillsMountainchokesSatanfreezesDragonscattersDiamondcoolsPlatimumcoolsGoldchokesDevilwobblesFencefreezesVideo GamescattersMathtarnishesRobotfeedsHeartconductsElectricityconductsLightningfreezesMedusamakes windPowerweakensLaserblows astrayNukebecomesSky-TanktossesHelicopterblows outDynamitecreatesTornadoescapesQuicksandfillsPittarnishesChaintarnishesGunscattersLawechoesWhiptarnishesSworderodesRockcarries smell ofDeathbuffetsWallcools heat ofSunknocks overCameraspreadsFireechoesChainsawheadedSchooleclipses
CrosscoversPlanet-Guitartips overBowltips overCupstalesBeercreatesRainevaporatesWaterheadedT.V.suspendsRainbowchokesU.F.O.chokesAlienechoesPrayerchillsMountainchokesSatanfreezesDragonscattersDiamondcoolsPlatimumcoolsGoldchokesDevilwobblesFencefreezesVideo GamescattersMathtarnishesRobotfeedsHeartconductsElectricityconductsLightningfreezesMedusamakes windPowerweakensLaserblows astrayNukebecomesSky-TanktossesHelicopterblows outDynamitecreatesTornadoescapesQuicksandfillsPittarnishesChaintarnishesGunscattersLawechoesWhiptarnishesSworderodesRockcarries smell ofDeathbuffetsWallcools heat ofSunknocks overCameraspreadsFireechoesChainsawheadedSchooleclipses
CupcoversPlanet-Guitartips overBowltips overCupstalesBeercreatesRainevaporatesWaterheadedT.V.suspendsRainbowchokesU.F.O.chokesAlienechoesPrayerchillsMountainchokesSatanfreezesDragonscattersDiamondcoolsPlatimumcoolsGoldchokesDevilwobblesFencefreezesVideo GamescattersMathtarnishesRobotfeedsHeartconductsElectricityconductsLightningfreezesMedusamakes windPowerweakensLaserblows astrayNukebecomesSky-TanktossesHelicopterblows outDynamitecreatesTornadoescapesQuicksandfillsPittarnishesChaintarnishesGunscattersLawechoesWhiptarnishesSworderodesRockcarries smell ofDeathbuffetsWallcools heat ofSunknocks overCameraspreadsFireechoesChainsawheadedSchooleclipses
DeathcoversPlanet-Guitartips overBowltips overCupstalesBeercreatesRainevaporatesWaterheadedT.V.suspendsRainbowchokesU.F.O.chokesAlienechoesPrayerchillsMountainchokesSatanfreezesDragonscattersDiamondcoolsPlatimumcoolsGoldchokesDevilwobblesFencefreezesVideo GamescattersMathtarnishesRobotfeedsHeartconductsElectricityconductsLightningfreezesMedusamakes windPowerweakensLaserblows astrayNukebecomesSky-TanktossesHelicopterblows outDynamitecreatesTornadoescapesQuicksandfillsPittarnishesChaintarnishesGunscattersLawechoesWhiptarnishesSworderodesRockcarries smell ofDeathbuffetsWallcools heat ofSunknocks overCameraspreadsFireechoesChainsawheadedSchooleclipses
DevilcoversPlanet-Guitartips overBowltips overCupstalesBeercreatesRainevaporatesWaterheadedT.V.suspendsRainbowchokesU.F.O.chokesAlienechoesPrayerchillsMountainchokesSatanfreezesDragonscattersDiamondcoolsPlatimumcoolsGoldchokesDevilwobblesFencefreezesVideo GamescattersMathtarnishesRobotfeedsHeartconductsElectricityconductsLightningfreezesMedusamakes windPowerweakensLaserblows astrayNukebecomesSky-TanktossesHelicopterblows outDynamitecreatesTornadoescapesQuicksandfillsPittarnishesChaintarnishesGunscattersLawechoesWhiptarnishesSworderodesRockcarries smell ofDeathbuffetsWallcools heat ofSunknocks overCameraspreadsFireechoesChainsawheadedSchooleclipses
DiamondcoversPlanet-Guitartips overBowltips overCupstalesBeercreatesRainevaporatesWaterheadedT.V.suspendsRainbowchokesU.F.O.chokesAlienechoesPrayerchillsMountainchokesSatanfreezesDragonscattersDiamondcoolsPlatimumcoolsGoldchokesDevilwobblesFencefreezesVideo GamescattersMathtarnishesRobotfeedsHeartconductsElectricityconductsLightningfreezesMedusamakes windPowerweakensLaserblows astrayNukebecomesSky-TanktossesHelicopterblows outDynamitecreatesTornadoescapesQuicksandfillsPittarnishesChaintarnishesGunscattersLawechoesWhiptarnishesSworderodesRockcarries smell ofDeathbuffetsWallcools heat ofSunknocks overCameraspreadsFireechoesChainsawheadedSchooleclipses
DragoncoversPlanet-Guitartips overBowltips overCupstalesBeercreatesRainevaporatesWaterheadedT.V.suspendsRainbowchokesU.F.O.chokesAlienechoesPrayerchillsMountainchokesSatanfreezesDragonscattersDiamondcoolsPlatimumcoolsGoldchokesDevilwobblesFencefreezesVideo GamescattersMathtarnishesRobotfeedsHeartconductsElectricityconductsLightningfreezesMedusamakes windPowerweakensLaserblows astrayNukebecomesSky-TanktossesHelicopterblows outDynamitecreatesTornadoescapesQuicksandfillsPittarnishesChaintarnishesGunscattersLawechoesWhiptarnishesSworderodesRockcarries smell ofDeathbuffetsWallcools heat ofSunknocks overCameraspreadsFireechoesChainsawheadedSchooleclipses
DuckcoversPlanet-Guitartips overBowltips overCupstalesBeercreatesRainevaporatesWaterheadedT.V.suspendsRainbowchokesU.F.O.chokesAlienechoesPrayerchillsMountainchokesSatanfreezesDragonscattersDiamondcoolsPlatimumcoolsGoldchokesDevilwobblesFencefreezesVideo GamescattersMathtarnishesRobotfeedsHeartconductsElectricityconductsLightningfreezesMedusamakes windPowerweakensLaserblows astrayNukebecomesSky-TanktossesHelicopterblows outDynamitecreatesTornadoescapesQuicksandfillsPittarnishesChaintarnishesGunscattersLawechoesWhiptarnishesSworderodesRockcarries smell ofDeathbuffetsWallcools heat ofSunknocks overCameraspreadsFireechoesChainsawheadedSchooleclipses
DynamitecoversPlanet-Guitartips overBowltips overCupstalesBeercreatesRainevaporatesWaterheadedT.V.suspendsRainbowchokesU.F.O.chokesAlienechoesPrayerchillsMountainchokesSatanfreezesDragonscattersDiamondcoolsPlatimumcoolsGoldchokesDevilwobblesFencefreezesVideo GamescattersMathtarnishesRobotfeedsHeartconductsElectricityconductsLightningfreezesMedusamakes windPowerweakensLaserblows astrayNukebecomesSky-TanktossesHelicopterblows outDynamitecreatesTornadoescapesQuicksandfillsPittarnishesChaintarnishesGunscattersLawechoesWhiptarnishesSworderodesRockcarries smell ofDeathbuffetsWallcools heat ofSunknocks overCameraspreadsFireechoesChainsawheadedSchooleclipses
ElectricitycoversPlanet-Guitartips overBowltips overCupstalesBeercreatesRainevaporatesWaterheadedT.V.suspendsRainbowchokesU.F.O.chokesAlienechoesPrayerchillsMountainchokesSatanfreezesDragonscattersDiamondcoolsPlatimumcoolsGoldchokesDevilwobblesFencefreezesVideo GamescattersMathtarnishesRobotfeedsHeartconductsElectricityconductsLightningfreezesMedusamakes windPowerweakensLaserblows astrayNukebecomesSky-TanktossesHelicopterblows outDynamitecreatesTornadoescapesQuicksandfillsPittarnishesChaintarnishesGunscattersLawechoesWhiptarnishesSworderodesRockcarries smell ofDeathbuffetsWallcools heat ofSunknocks overCameraspreadsFireechoesChainsawheadedSchooleclipses
FencecoversPlanet-Guitartips overBowltips overCupstalesBeercreatesRainevaporatesWaterheadedT.V.suspendsRainbowchokesU.F.O.chokesAlienechoesPrayerchillsMountainchokesSatanfreezesDragonscattersDiamondcoolsPlatimumcoolsGoldchokesDevilwobblesFencefreezesVideo GamescattersMathtarnishesRobotfeedsHeartconductsElectricityconductsLightningfreezesMedusamakes windPowerweakensLaserblows astrayNukebecomesSky-TanktossesHelicopterblows outDynamitecreatesTornadoescapesQuicksandfillsPittarnishesChaintarnishesGunscattersLawechoesWhiptarnishesSworderodesRockcarries smell ofDeathbuffetsWallcools heat ofSunknocks overCameraspreadsFireechoesChainsawheadedSchooleclipses
FilmcoversPlanet-Guitartips overBowltips overCupstalesBeercreatesRainevaporatesWaterheadedT.V.suspendsRainbowchokesU.F.O.chokesAlienechoesPrayerchillsMountainchokesSatanfreezesDragonscattersDiamondcoolsPlatimumcoolsGoldchokesDevilwobblesFencefreezesVideo GamescattersMathtarnishesRobotfeedsHeartconductsElectricityconductsLightningfreezesMedusamakes windPowerweakensLaserblows astrayNukebecomesSky-TanktossesHelicopterblows outDynamitecreatesTornadoescapesQuicksandfillsPittarnishesChaintarnishesGunscattersLawechoesWhiptarnishesSworderodesRockcarries smell ofDeathbuffetsWallcools heat ofSunknocks overCameraspreadsFireechoesChainsawheadedSchooleclipses
FirecoversPlanet-Guitartips overBowltips overCupstalesBeercreatesRainevaporatesWaterheadedT.V.suspendsRainbowchokesU.F.O.chokesAlienechoesPrayerchillsMountainchokesSatanfreezesDragonscattersDiamondcoolsPlatimumcoolsGoldchokesDevilwobblesFencefreezesVideo GamescattersMathtarnishesRobotfeedsHeartconductsElectricityconductsLightningfreezesMedusamakes windPowerweakensLaserblows astrayNukebecomesSky-TanktossesHelicopterblows outDynamitecreatesTornadoescapesQuicksandfillsPittarnishesChaintarnishesGunscattersLawechoesWhiptarnishesSworderodesRockcarries smell ofDeathbuffetsWallcools heat ofSunknocks overCameraspreadsFireechoesChainsawheadedSchooleclipses
FishcoversPlanet-Guitartips overBowltips overCupstalesBeercreatesRainevaporatesWaterheadedT.V.suspendsRainbowchokesU.F.O.chokesAlienechoesPrayerchillsMountainchokesSatanfreezesDragonscattersDiamondcoolsPlatimumcoolsGoldchokesDevilwobblesFencefreezesVideo GamescattersMathtarnishesRobotfeedsHeartconductsElectricityconductsLightningfreezesMedusamakes windPowerweakensLaserblows astrayNukebecomesSky-TanktossesHelicopterblows outDynamitecreatesTornadoescapesQuicksandfillsPittarnishesChaintarnishesGunscattersLawechoesWhiptarnishesSworderodesRockcarries smell ofDeathbuffetsWallcools heat ofSunknocks overCameraspreadsFireechoesChainsawheadedSchooleclipses
GoldcoversPlanet-Guitartips overBowltips overCupstalesBeercreatesRainevaporatesWaterheadedT.V.suspendsRainbowchokesU.F.O.chokesAlienechoesPrayerchillsMountainchokesSatanfreezesDragonscattersDiamondcoolsPlatimumcoolsGoldchokesDevilwobblesFencefreezesVideo GamescattersMathtarnishesRobotfeedsHeartconductsElectricityconductsLightningfreezesMedusamakes windPowerweakensLaserblows astrayNukebecomesSky-TanktossesHelicopterblows outDynamitecreatesTornadoescapesQuicksandfillsPittarnishesChaintarnishesGunscattersLawechoesWhiptarnishesSworderodesRockcarries smell ofDeathbuffetsWallcools heat ofSunknocks overCameraspreadsFireechoesChainsawheadedSchooleclipses
GrasscoversPlanet-Guitartips overBowltips overCupstalesBeercreatesRainevaporatesWaterheadedT.V.suspendsRainbowchokesU.F.O.chokesAlienechoesPrayerchillsMountainchokesSatanfreezesDragonscattersDiamondcoolsPlatimumcoolsGoldchokesDevilwobblesFencefreezesVideo GamescattersMathtarnishesRobotfeedsHeartconductsElectricityconductsLightningfreezesMedusamakes windPowerweakensLaserblows astrayNukebecomesSky-TanktossesHelicopterblows outDynamitecreatesTornadoescapesQuicksandfillsPittarnishesChaintarnishesGunscattersLawechoesWhiptarnishesSworderodesRockcarries smell ofDeathbuffetsWallcools heat ofSunknocks overCameraspreadsFireechoesChainsawheadedSchooleclipses
GuitarcoversPlanet-Guitartips overBowltips overCupstalesBeercreatesRainevaporatesWaterheadedT.V.suspendsRainbowchokesU.F.O.chokesAlienechoesPrayerchillsMountainchokesSatanfreezesDragonscattersDiamondcoolsPlatimumcoolsGoldchokesDevilwobblesFencefreezesVideo GamescattersMathtarnishesRobotfeedsHeartconductsElectricityconductsLightningfreezesMedusamakes windPowerweakensLaserblows astrayNukebecomesSky-TanktossesHelicopterblows outDynamitecreatesTornadoescapesQuicksandfillsPittarnishesChaintarnishesGunscattersLawechoesWhiptarnishesSworderodesRockcarries smell ofDeathbuffetsWallcools heat ofSunknocks overCameraspreadsFireechoesChainsawheadedSchooleclipses
GuncoversPlanet-Guitartips overBowltips overCupstalesBeercreatesRainevaporatesWaterheadedT.V.suspendsRainbowchokesU.F.O.chokesAlienechoesPrayerchillsMountainchokesSatanfreezesDragonscattersDiamondcoolsPlatimumcoolsGoldchokesDevilwobblesFencefreezesVideo GamescattersMathtarnishesRobotfeedsHeartconductsElectricityconductsLightningfreezesMedusamakes windPowerweakensLaserblows astrayNukebecomesSky-TanktossesHelicopterblows outDynamitecreatesTornadoescapesQuicksandfillsPittarnishesChaintarnishesGunscattersLawechoesWhiptarnishesSworderodesRockcarries smell ofDeathbuffetsWallcools heat ofSunknocks overCameraspreadsFireechoesChainsawheadedSchooleclipses
HeartcoversPlanet-Guitartips overBowltips overCupstalesBeercreatesRainevaporatesWaterheadedT.V.suspendsRainbowchokesU.F.O.chokesAlienechoesPrayerchillsMountainchokesSatanfreezesDragonscattersDiamondcoolsPlatimumcoolsGoldchokesDevilwobblesFencefreezesVideo GamescattersMathtarnishesRobotfeedsHeartconductsElectricityconductsLightningfreezesMedusamakes windPowerweakensLaserblows astrayNukebecomesSky-TanktossesHelicopterblows outDynamitecreatesTornadoescapesQuicksandfillsPittarnishesChaintarnishesGunscattersLawechoesWhiptarnishesSworderodesRockcarries smell ofDeathbuffetsWallcools heat ofSunknocks overCameraspreadsFireechoesChainsawheadedSchooleclipses
HelicoptercoversPlanet-Guitartips overBowltips overCupstalesBeercreatesRainevaporatesWaterheadedT.V.suspendsRainbowchokesU.F.O.chokesAlienechoesPrayerchillsMountainchokesSatanfreezesDragonscattersDiamondcoolsPlatimumcoolsGoldchokesDevilwobblesFencefreezesVideo GamescattersMathtarnishesRobotfeedsHeartconductsElectricityconductsLightningfreezesMedusamakes windPowerweakensLaserblows astrayNukebecomesSky-TanktossesHelicopterblows outDynamitecreatesTornadoescapesQuicksandfillsPittarnishesChaintarnishesGunscattersLawechoesWhiptarnishesSworderodesRockcarries smell ofDeathbuffetsWallcools heat ofSunknocks overCameraspreadsFireechoesChainsawheadedSchooleclipses
HomecoversPlanet-Guitartips overBowltips overCupstalesBeercreatesRainevaporatesWaterheadedT.V.suspendsRainbowchokesU.F.O.chokesAlienechoesPrayerchillsMountainchokesSatanfreezesDragonscattersDiamondcoolsPlatimumcoolsGoldchokesDevilwobblesFencefreezesVideo GamescattersMathtarnishesRobotfeedsHeartconductsElectricityconductsLightningfreezesMedusamakes windPowerweakensLaserblows astrayNukebecomesSky-TanktossesHelicopterblows outDynamitecreatesTornadoescapesQuicksandfillsPittarnishesChaintarnishesGunscattersLawechoesWhiptarnishesSworderodesRockcarries smell ofDeathbuffetsWallcools heat ofSunknocks overCameraspreadsFireechoesChainsawheadedSchooleclipses
KingcoversPlanet-Guitartips overBowltips overCupstalesBeercreatesRainevaporatesWaterheadedT.V.suspendsRainbowchokesU.F.O.chokesAlienechoesPrayerchillsMountainchokesSatanfreezesDragonscattersDiamondcoolsPlatimumcoolsGoldchokesDevilwobblesFencefreezesVideo GamescattersMathtarnishesRobotfeedsHeartconductsElectricityconductsLightningfreezesMedusamakes windPowerweakensLaserblows astrayNukebecomesSky-TanktossesHelicopterblows outDynamitecreatesTornadoescapesQuicksandfillsPittarnishesChaintarnishesGunscattersLawechoesWhiptarnishesSworderodesRockcarries smell ofDeathbuffetsWallcools heat ofSunknocks overCameraspreadsFireechoesChainsawheadedSchooleclipses
LasercoversPlanet-Guitartips overBowltips overCupstalesBeercreatesRainevaporatesWaterheadedT.V.suspendsRainbowchokesU.F.O.chokesAlienechoesPrayerchillsMountainchokesSatanfreezesDragonscattersDiamondcoolsPlatimumcoolsGoldchokesDevilwobblesFencefreezesVideo GamescattersMathtarnishesRobotfeedsHeartconductsElectricityconductsLightningfreezesMedusamakes windPowerweakensLaserblows astrayNukebecomesSky-TanktossesHelicopterblows outDynamitecreatesTornadoescapesQuicksandfillsPittarnishesChaintarnishesGunscattersLawechoesWhiptarnishesSworderodesRockcarries smell ofDeathbuffetsWallcools heat ofSunknocks overCameraspreadsFireechoesChainsawheadedSchooleclipses
LawcoversPlanet-Guitartips overBowltips overCupstalesBeercreatesRainevaporatesWaterheadedT.V.suspendsRainbowchokesU.F.O.chokesAlienechoesPrayerchillsMountainchokesSatanfreezesDragonscattersDiamondcoolsPlatimumcoolsGoldchokesDevilwobblesFencefreezesVideo GamescattersMathtarnishesRobotfeedsHeartconductsElectricityconductsLightningfreezesMedusamakes windPowerweakensLaserblows astrayNukebecomesSky-TanktossesHelicopterblows outDynamitecreatesTornadoescapesQuicksandfillsPittarnishesChaintarnishesGunscattersLawechoesWhiptarnishesSworderodesRockcarries smell ofDeathbuffetsWallcools heat ofSunknocks overCameraspreadsFireechoesChainsawheadedSchooleclipses
LightningcoversPlanet-Guitartips overBowltips overCupstalesBeercreatesRainevaporatesWaterheadedT.V.suspendsRainbowchokesU.F.O.chokesAlienechoesPrayerchillsMountainchokesSatanfreezesDragonscattersDiamondcoolsPlatimumcoolsGoldchokesDevilwobblesFencefreezesVideo GamescattersMathtarnishesRobotfeedsHeartconductsElectricityconductsLightningfreezesMedusamakes windPowerweakensLaserblows astrayNukebecomesSky-TanktossesHelicopterblows outDynamitecreatesTornadoescapesQuicksandfillsPittarnishesChaintarnishesGunscattersLawechoesWhiptarnishesSworderodesRockcarries smell ofDeathbuffetsWallcools heat ofSunknocks overCameraspreadsFireechoesChainsawheadedSchooleclipses
MancoversPlanet-Guitartips overBowltips overCupstalesBeercreatesRainevaporatesWaterheadedT.V.suspendsRainbowchokesU.F.O.chokesAlienechoesPrayerchillsMountainchokesSatanfreezesDragonscattersDiamondcoolsPlatimumcoolsGoldchokesDevilwobblesFencefreezesVideo GamescattersMathtarnishesRobotfeedsHeartconductsElectricityconductsLightningfreezesMedusamakes windPowerweakensLaserblows astrayNukebecomesSky-TanktossesHelicopterblows outDynamitecreatesTornadoescapesQuicksandfillsPittarnishesChaintarnishesGunscattersLawechoesWhiptarnishesSworderodesRockcarries smell ofDeathbuffetsWallcools heat ofSunknocks overCameraspreadsFireechoesChainsawheadedSchooleclipses
MathcoversPlanet-Guitartips overBowltips overCupstalesBeercreatesRainevaporatesWaterheadedT.V.suspendsRainbowchokesU.F.O.chokesAlienechoesPrayerchillsMountainchokesSatanfreezesDragonscattersDiamondcoolsPlatimumcoolsGoldchokesDevilwobblesFencefreezesVideo GamescattersMathtarnishesRobotfeedsHeartconductsElectricityconductsLightningfreezesMedusamakes windPowerweakensLaserblows astrayNukebecomesSky-TanktossesHelicopterblows outDynamitecreatesTornadoescapesQuicksandfillsPittarnishesChaintarnishesGunscattersLawechoesWhiptarnishesSworderodesRockcarries smell ofDeathbuffetsWallcools heat ofSunknocks overCameraspreadsFireechoesChainsawheadedSchooleclipses
MedusacoversPlanet-Guitartips overBowltips overCupstalesBeercreatesRainevaporatesWaterheadedT.V.suspendsRainbowchokesU.F.O.chokesAlienechoesPrayerchillsMountainchokesSatanfreezesDragonscattersDiamondcoolsPlatimumcoolsGoldchokesDevilwobblesFencefreezesVideo GamescattersMathtarnishesRobotfeedsHeartconductsElectricityconductsLightningfreezesMedusamakes windPowerweakensLaserblows astrayNukebecomesSky-TanktossesHelicopterblows outDynamitecreatesTornadoescapesQuicksandfillsPittarnishesChaintarnishesGunscattersLawechoesWhiptarnishesSworderodesRockcarries smell ofDeathbuffetsWallcools heat ofSunknocks overCameraspreadsFireechoesChainsawheadedSchooleclipses
MoneycoversPlanet-Guitartips overBowltips overCupstalesBeercreatesRainevaporatesWaterheadedT.V.suspendsRainbowchokesU.F.O.chokesAlienechoesPrayerchillsMountainchokesSatanfreezesDragonscattersDiamondcoolsPlatimumcoolsGoldchokesDevilwobblesFencefreezesVideo GamescattersMathtarnishesRobotfeedsHeartconductsElectricityconductsLightningfreezesMedusamakes windPowerweakensLaserblows astrayNukebecomesSky-TanktossesHelicopterblows outDynamitecreatesTornadoescapesQuicksandfillsPittarnishesChaintarnishesGunscattersLawechoesWhiptarnishesSworderodesRockcarries smell ofDeathbuffetsWallcools heat ofSunknocks overCameraspreadsFireechoesChainsawheadedSchooleclipses
MonkeycoversPlanet-Guitartips overBowltips overCupstalesBeercreatesRainevaporatesWaterheadedT.V.suspendsRainbowchokesU.F.O.chokesAlienechoesPrayerchillsMountainchokesSatanfreezesDragonscattersDiamondcoolsPlatimumcoolsGoldchokesDevilwobblesFencefreezesVideo GamescattersMathtarnishesRobotfeedsHeartconductsElectricityconductsLightningfreezesMedusamakes windPowerweakensLaserblows astrayNukebecomesSky-TanktossesHelicopterblows outDynamitecreatesTornadoescapesQuicksandfillsPittarnishesChaintarnishesGunscattersLawechoesWhiptarnishesSworderodesRockcarries smell ofDeathbuffetsWallcools heat ofSunknocks overCameraspreadsFireechoesChainsawheadedSchooleclipses
MooncoversPlanet-Guitartips overBowltips overCupstalesBeercreatesRainevaporatesWaterheadedT.V.suspendsRainbowchokesU.F.O.chokesAlienechoesPrayerchillsMountainchokesSatanfreezesDragonscattersDiamondcoolsPlatimumcoolsGoldchokesDevilwobblesFencefreezesVideo GamescattersMathtarnishesRobotfeedsHeartconductsElectricityconductsLightningfreezesMedusamakes windPowerweakensLaserblows astrayNukebecomesSky-TanktossesHelicopterblows outDynamitecreatesTornadoescapesQuicksandfillsPittarnishesChaintarnishesGunscattersLawechoesWhiptarnishesSworderodesRockcarries smell ofDeathbuffetsWallcools heat ofSunknocks overCameraspreadsFireechoesChainsawheadedSchooleclipses
MountaincoversPlanet-Guitartips overBowltips overCupstalesBeercreatesRainevaporatesWaterheadedT.V.suspendsRainbowchokesU.F.O.chokesAlienechoesPrayerchillsMountainchokesSatanfreezesDragonscattersDiamondcoolsPlatimumcoolsGoldchokesDevilwobblesFencefreezesVideo GamescattersMathtarnishesRobotfeedsHeartconductsElectricityconductsLightningfreezesMedusamakes windPowerweakensLaserblows astrayNukebecomesSky-TanktossesHelicopterblows outDynamitecreatesTornadoescapesQuicksandfillsPittarnishesChaintarnishesGunscattersLawechoesWhiptarnishesSworderodesRockcarries smell ofDeathbuffetsWallcools heat ofSunknocks overCameraspreadsFireechoesChainsawheadedSchooleclipses
NoisecoversPlanet-Guitartips overBowltips overCupstalesBeercreatesRainevaporatesWaterheadedT.V.suspendsRainbowchokesU.F.O.chokesAlienechoesPrayerchillsMountainchokesSatanfreezesDragonscattersDiamondcoolsPlatimumcoolsGoldchokesDevilwobblesFencefreezesVideo GamescattersMathtarnishesRobotfeedsHeartconductsElectricityconductsLightningfreezesMedusamakes windPowerweakensLaserblows astrayNukebecomesSky-TanktossesHelicopterblows outDynamitecreatesTornadoescapesQuicksandfillsPittarnishesChaintarnishesGunscattersLawechoesWhiptarnishesSworderodesRockcarries smell ofDeathbuffetsWallcools heat ofSunknocks overCameraspreadsFireechoesChainsawheadedSchooleclipses
NukecoversPlanet-Guitartips overBowltips overCupstalesBeercreatesRainevaporatesWaterheadedT.V.suspendsRainbowchokesU.F.O.chokesAlienechoesPrayerchillsMountainchokesSatanfreezesDragonscattersDiamondcoolsPlatimumcoolsGoldchokesDevilwobblesFencefreezesVideo GamescattersMathtarnishesRobotfeedsHeartconductsElectricityconductsLightningfreezesMedusamakes windPowerweakensLaserblows astrayNukebecomesSky-TanktossesHelicopterblows outDynamitecreatesTornadoescapesQuicksandfillsPittarnishesChaintarnishesGunscattersLawechoesWhiptarnishesSworderodesRockcarries smell ofDeathbuffetsWallcools heat ofSunknocks overCameraspreadsFireechoesChainsawheadedSchooleclipses
PapercoversPlanet-Guitartips overBowltips overCupstalesBeercreatesRainevaporatesWaterheadedT.V.suspendsRainbowchokesU.F.O.chokesAlienechoesPrayerchillsMountainchokesSatanfreezesDragonscattersDiamondcoolsPlatimumcoolsGoldchokesDevilwobblesFencefreezesVideo GamescattersMathtarnishesRobotfeedsHeartconductsElectricityconductsLightningfreezesMedusamakes windPowerweakensLaserblows astrayNukebecomesSky-TanktossesHelicopterblows outDynamitecreatesTornadoescapesQuicksandfillsPittarnishesChaintarnishesGunscattersLawechoesWhiptarnishesSworderodesRockcarries smell ofDeathbuffetsWallcools heat ofSunknocks overCameraspreadsFireechoesChainsawheadedSchooleclipses
PeacecoversPlanet-Guitartips overBowltips overCupstalesBeercreatesRainevaporatesWaterheadedT.V.suspendsRainbowchokesU.F.O.chokesAlienechoesPrayerchillsMountainchokesSatanfreezesDragonscattersDiamondcoolsPlatimumcoolsGoldchokesDevilwobblesFencefreezesVideo GamescattersMathtarnishesRobotfeedsHeartconductsElectricityconductsLightningfreezesMedusamakes windPowerweakensLaserblows astrayNukebecomesSky-TanktossesHelicopterblows outDynamitecreatesTornadoescapesQuicksandfillsPittarnishesChaintarnishesGunscattersLawechoesWhiptarnishesSworderodesRockcarries smell ofDeathbuffetsWallcools heat ofSunknocks overCameraspreadsFireechoesChainsawheadedSchooleclipses
PitcoversPlanet-Guitartips overBowltips overCupstalesBeercreatesRainevaporatesWaterheadedT.V.suspendsRainbowchokesU.F.O.chokesAlienechoesPrayerchillsMountainchokesSatanfreezesDragonscattersDiamondcoolsPlatimumcoolsGoldchokesDevilwobblesFencefreezesVideo GamescattersMathtarnishesRobotfeedsHeartconductsElectricityconductsLightningfreezesMedusamakes windPowerweakensLaserblows astrayNukebecomesSky-TanktossesHelicopterblows outDynamitecreatesTornadoescapesQuicksandfillsPittarnishesChaintarnishesGunscattersLawechoesWhiptarnishesSworderodesRockcarries smell ofDeathbuffetsWallcools heat ofSunknocks overCameraspreadsFireechoesChainsawheadedSchooleclipses
PlanetcoversPlanet-Guitartips overBowltips overCupstalesBeercreatesRainevaporatesWaterheadedT.V.suspendsRainbowchokesU.F.O.chokesAlienechoesPrayerchillsMountainchokesSatanfreezesDragonscattersDiamondcoolsPlatimumcoolsGoldchokesDevilwobblesFencefreezesVideo GamescattersMathtarnishesRobotfeedsHeartconductsElectricityconductsLightningfreezesMedusamakes windPowerweakensLaserblows astrayNukebecomesSky-TanktossesHelicopterblows outDynamitecreatesTornadoescapesQuicksandfillsPittarnishesChaintarnishesGunscattersLawechoesWhiptarnishesSworderodesRockcarries smell ofDeathbuffetsWallcools heat ofSunknocks overCameraspreadsFireechoesChainsawheadedSchooleclipses
PlatimumcoversPlanet-Guitartips overBowltips overCupstalesBeercreatesRainevaporatesWaterheadedT.V.suspendsRainbowchokesU.F.O.chokesAlienechoesPrayerchillsMountainchokesSatanfreezesDragonscattersDiamondcoolsPlatimumcoolsGoldchokesDevilwobblesFencefreezesVideo GamescattersMathtarnishesRobotfeedsHeartconductsElectricityconductsLightningfreezesMedusamakes windPowerweakensLaserblows astrayNukebecomesSky-TanktossesHelicopterblows outDynamitecreatesTornadoescapesQuicksandfillsPittarnishesChaintarnishesGunscattersLawechoesWhiptarnishesSworderodesRockcarries smell ofDeathbuffetsWallcools heat ofSunknocks overCameraspreadsFireechoesChainsawheadedSchooleclipses
PoisoncoversPlanet-Guitartips overBowltips overCupstalesBeercreatesRainevaporatesWaterheadedT.V.suspendsRainbowchokesU.F.O.chokesAlienechoesPrayerchillsMountainchokesSatanfreezesDragonscattersDiamondcoolsPlatimumcoolsGoldchokesDevilwobblesFencefreezesVideo GamescattersMathtarnishesRobotfeedsHeartconductsElectricityconductsLightningfreezesMedusamakes windPowerweakensLaserblows astrayNukebecomesSky-TanktossesHelicopterblows outDynamitecreatesTornadoescapesQuicksandfillsPittarnishesChaintarnishesGunscattersLawechoesWhiptarnishesSworderodesRockcarries smell ofDeathbuffetsWallcools heat ofSunknocks overCameraspreadsFireechoesChainsawheadedSchooleclipses
PolicecoversPlanet-Guitartips overBowltips overCupstalesBeercreatesRainevaporatesWaterheadedT.V.suspendsRainbowchokesU.F.O.chokesAlienechoesPrayerchillsMountainchokesSatanfreezesDragonscattersDiamondcoolsPlatimumcoolsGoldchokesDevilwobblesFencefreezesVideo GamescattersMathtarnishesRobotfeedsHeartconductsElectricityconductsLightningfreezesMedusamakes windPowerweakensLaserblows astrayNukebecomesSky-TanktossesHelicopterblows outDynamitecreatesTornadoescapesQuicksandfillsPittarnishesChaintarnishesGunscattersLawechoesWhiptarnishesSworderodesRockcarries smell ofDeathbuffetsWallcools heat ofSunknocks overCameraspreadsFireechoesChainsawheadedSchooleclipses
PorcupinecoversPlanet-Guitartips overBowltips overCupstalesBeercreatesRainevaporatesWaterheadedT.V.suspendsRainbowchokesU.F.O.chokesAlienechoesPrayerchillsMountainchokesSatanfreezesDragonscattersDiamondcoolsPlatimumcoolsGoldchokesDevilwobblesFencefreezesVideo GamescattersMathtarnishesRobotfeedsHeartconductsElectricityconductsLightningfreezesMedusamakes windPowerweakensLaserblows astrayNukebecomesSky-TanktossesHelicopterblows outDynamitecreatesTornadoescapesQuicksandfillsPittarnishesChaintarnishesGunscattersLawechoesWhiptarnishesSworderodesRockcarries smell ofDeathbuffetsWallcools heat ofSunknocks overCameraspreadsFireechoesChainsawheadedSchooleclipses
PowercoversPlanet-Guitartips overBowltips overCupstalesBeercreatesRainevaporatesWaterheadedT.V.suspendsRainbowchokesU.F.O.chokesAlienechoesPrayerchillsMountainchokesSatanfreezesDragonscattersDiamondcoolsPlatimumcoolsGoldchokesDevilwobblesFencefreezesVideo GamescattersMathtarnishesRobotfeedsHeartconductsElectricityconductsLightningfreezesMedusamakes windPowerweakensLaserblows astrayNukebecomesSky-TanktossesHelicopterblows outDynamitecreatesTornadoescapesQuicksandfillsPittarnishesChaintarnishesGunscattersLawechoesWhiptarnishesSworderodesRockcarries smell ofDeathbuffetsWallcools heat ofSunknocks overCameraspreadsFireechoesChainsawheadedSchooleclipses
PrayercoversPlanet-Guitartips overBowltips overCupstalesBeercreatesRainevaporatesWaterheadedT.V.suspendsRainbowchokesU.F.O.chokesAlienechoesPrayerchillsMountainchokesSatanfreezesDragonscattersDiamondcoolsPlatimumcoolsGoldchokesDevilwobblesFencefreezesVideo GamescattersMathtarnishesRobotfeedsHeartconductsElectricityconductsLightningfreezesMedusamakes windPowerweakensLaserblows astrayNukebecomesSky-TanktossesHelicopterblows outDynamitecreatesTornadoescapesQuicksandfillsPittarnishesChaintarnishesGunscattersLawechoesWhiptarnishesSworderodesRockcarries smell ofDeathbuffetsWallcools heat ofSunknocks overCameraspreadsFireechoesChainsawheadedSchooleclipses
PrincecoversPlanet-Guitartips overBowltips overCupstalesBeercreatesRainevaporatesWaterheadedT.V.suspendsRainbowchokesU.F.O.chokesAlienechoesPrayerchillsMountainchokesSatanfreezesDragonscattersDiamondcoolsPlatimumcoolsGoldchokesDevilwobblesFencefreezesVideo GamescattersMathtarnishesRobotfeedsHeartconductsElectricityconductsLightningfreezesMedusamakes windPowerweakensLaserblows astrayNukebecomesSky-TanktossesHelicopterblows outDynamitecreatesTornadoescapesQuicksandfillsPittarnishesChaintarnishesGunscattersLawechoesWhiptarnishesSworderodesRockcarries smell ofDeathbuffetsWallcools heat ofSunknocks overCameraspreadsFireechoesChainsawheadedSchooleclipses
PrincesscoversPlanet-Guitartips overBowltips overCupstalesBeercreatesRainevaporatesWaterheadedT.V.suspendsRainbowchokesU.F.O.chokesAlienechoesPrayerchillsMountainchokesSatanfreezesDragonscattersDiamondcoolsPlatimumcoolsGoldchokesDevilwobblesFencefreezesVideo GamescattersMathtarnishesRobotfeedsHeartconductsElectricityconductsLightningfreezesMedusamakes windPowerweakensLaserblows astrayNukebecomesSky-TanktossesHelicopterblows outDynamitecreatesTornadoescapesQuicksandfillsPittarnishesChaintarnishesGunscattersLawechoesWhiptarnishesSworderodesRockcarries smell ofDeathbuffetsWallcools heat ofSunknocks overCameraspreadsFireechoesChainsawheadedSchooleclipses
QueencoversPlanet-Guitartips overBowltips overCupstalesBeercreatesRainevaporatesWaterheadedT.V.suspendsRainbowchokesU.F.O.chokesAlienechoesPrayerchillsMountainchokesSatanfreezesDragonscattersDiamondcoolsPlatimumcoolsGoldchokesDevilwobblesFencefreezesVideo GamescattersMathtarnishesRobotfeedsHeartconductsElectricityconductsLightningfreezesMedusamakes windPowerweakensLaserblows astrayNukebecomesSky-TanktossesHelicopterblows outDynamitecreatesTornadoescapesQuicksandfillsPittarnishesChaintarnishesGunscattersLawechoesWhiptarnishesSworderodesRockcarries smell ofDeathbuffetsWallcools heat ofSunknocks overCameraspreadsFireechoesChainsawheadedSchooleclipses
QuicksandcoversPlanet-Guitartips overBowltips overCupstalesBeercreatesRainevaporatesWaterheadedT.V.suspendsRainbowchokesU.F.O.chokesAlienechoesPrayerchillsMountainchokesSatanfreezesDragonscattersDiamondcoolsPlatimumcoolsGoldchokesDevilwobblesFencefreezesVideo GamescattersMathtarnishesRobotfeedsHeartconductsElectricityconductsLightningfreezesMedusamakes windPowerweakensLaserblows astrayNukebecomesSky-TanktossesHelicopterblows outDynamitecreatesTornadoescapesQuicksandfillsPittarnishesChaintarnishesGunscattersLawechoesWhiptarnishesSworderodesRockcarries smell ofDeathbuffetsWallcools heat ofSunknocks overCameraspreadsFireechoesChainsawheadedSchooleclipses
RaincoversPlanet-Guitartips overBowltips overCupstalesBeercreatesRainevaporatesWaterheadedT.V.suspendsRainbowchokesU.F.O.chokesAlienechoesPrayerchillsMountainchokesSatanfreezesDragonscattersDiamondcoolsPlatimumcoolsGoldchokesDevilwobblesFencefreezesVideo GamescattersMathtarnishesRobotfeedsHeartconductsElectricityconductsLightningfreezesMedusamakes windPowerweakensLaserblows astrayNukebecomesSky-TanktossesHelicopterblows outDynamitecreatesTornadoescapesQuicksandfillsPittarnishesChaintarnishesGunscattersLawechoesWhiptarnishesSworderodesRockcarries smell ofDeathbuffetsWallcools heat ofSunknocks overCameraspreadsFireechoesChainsawheadedSchooleclipses
RainbowcoversPlanet-Guitartips overBowltips overCupstalesBeercreatesRainevaporatesWaterheadedT.V.suspendsRainbowchokesU.F.O.chokesAlienechoesPrayerchillsMountainchokesSatanfreezesDragonscattersDiamondcoolsPlatimumcoolsGoldchokesDevilwobblesFencefreezesVideo GamescattersMathtarnishesRobotfeedsHeartconductsElectricityconductsLightningfreezesMedusamakes windPowerweakensLaserblows astrayNukebecomesSky-TanktossesHelicopterblows outDynamitecreatesTornadoescapesQuicksandfillsPittarnishesChaintarnishesGunscattersLawechoesWhiptarnishesSworderodesRockcarries smell ofDeathbuffetsWallcools heat ofSunknocks overCameraspreadsFireechoesChainsawheadedSchooleclipses
RobotcoversPlanet-Guitartips overBowltips overCupstalesBeercreatesRainevaporatesWaterheadedT.V.suspendsRainbowchokesU.F.O.chokesAlienechoesPrayerchillsMountainchokesSatanfreezesDragonscattersDiamondcoolsPlatimumcoolsGoldchokesDevilwobblesFencefreezesVideo GamescattersMathtarnishesRobotfeedsHeartconductsElectricityconductsLightningfreezesMedusamakes windPowerweakensLaserblows astrayNukebecomesSky-TanktossesHelicopterblows outDynamitecreatesTornadoescapesQuicksandfillsPittarnishesChaintarnishesGunscattersLawechoesWhiptarnishesSworderodesRockcarries smell ofDeathbuffetsWallcools heat ofSunknocks overCameraspreadsFireechoesChainsawheadedSchooleclipses
RockcoversPlanet-Guitartips overBowltips overCupstalesBeercreatesRainevaporatesWaterheadedT.V.suspendsRainbowchokesU.F.O.chokesAlienechoesPrayerchillsMountainchokesSatanfreezesDragonscattersDiamondcoolsPlatimumcoolsGoldchokesDevilwobblesFencefreezesVideo GamescattersMathtarnishesRobotfeedsHeartconductsElectricityconductsLightningfreezesMedusamakes windPowerweakensLaserblows astrayNukebecomesSky-TanktossesHelicopterblows outDynamitecreatesTornadoescapesQuicksandfillsPittarnishesChaintarnishesGunscattersLawechoesWhiptarnishesSworderodesRockcarries smell ofDeathbuffetsWallcools heat ofSunknocks overCameraspreadsFireechoesChainsawheadedSchooleclipses
SatancoversPlanet-Guitartips overBowltips overCupstalesBeercreatesRainevaporatesWaterheadedT.V.suspendsRainbowchokesU.F.O.chokesAlienechoesPrayerchillsMountainchokesSatanfreezesDragonscattersDiamondcoolsPlatimumcoolsGoldchokesDevilwobblesFencefreezesVideo GamescattersMathtarnishesRobotfeedsHeartconductsElectricityconductsLightningfreezesMedusamakes windPowerweakensLaserblows astrayNukebecomesSky-TanktossesHelicopterblows outDynamitecreatesTornadoescapesQuicksandfillsPittarnishesChaintarnishesGunscattersLawechoesWhiptarnishesSworderodesRockcarries smell ofDeathbuffetsWallcools heat ofSunknocks overCameraspreadsFireechoesChainsawheadedSchooleclipses
SchoolcoversPlanet-Guitartips overBowltips overCupstalesBeercreatesRainevaporatesWaterheadedT.V.suspendsRainbowchokesU.F.O.chokesAlienechoesPrayerchillsMountainchokesSatanfreezesDragonscattersDiamondcoolsPlatimumcoolsGoldchokesDevilwobblesFencefreezesVideo GamescattersMathtarnishesRobotfeedsHeartconductsElectricityconductsLightningfreezesMedusamakes windPowerweakensLaserblows astrayNukebecomesSky-TanktossesHelicopterblows outDynamitecreatesTornadoescapesQuicksandfillsPittarnishesChaintarnishesGunscattersLawechoesWhiptarnishesSworderodesRockcarries smell ofDeathbuffetsWallcools heat ofSunknocks overCameraspreadsFireechoesChainsawheadedSchooleclipses
ScissorscoversPlanet-Guitartips overBowltips overCupstalesBeercreatesRainevaporatesWaterheadedT.V.suspendsRainbowchokesU.F.O.chokesAlienechoesPrayerchillsMountainchokesSatanfreezesDragonscattersDiamondcoolsPlatimumcoolsGoldchokesDevilwobblesFencefreezesVideo GamescattersMathtarnishesRobotfeedsHeartconductsElectricityconductsLightningfreezesMedusamakes windPowerweakensLaserblows astrayNukebecomesSky-TanktossesHelicopterblows outDynamitecreatesTornadoescapesQuicksandfillsPittarnishesChaintarnishesGunscattersLawechoesWhiptarnishesSworderodesRockcarries smell ofDeathbuffetsWallcools heat ofSunknocks overCameraspreadsFireechoesChainsawheadedSchooleclipses
SkycoversPlanet-Guitartips overBowltips overCupstalesBeercreatesRainevaporatesWaterheadedT.V.suspendsRainbowchokesU.F.O.chokesAlienechoesPrayerchillsMountainchokesSatanfreezesDragonscattersDiamondcoolsPlatimumcoolsGoldchokesDevilwobblesFencefreezesVideo GamescattersMathtarnishesRobotfeedsHeartconductsElectricityconductsLightningfreezesMedusamakes windPowerweakensLaserblows astrayNukebecomesSky-TanktossesHelicopterblows outDynamitecreatesTornadoescapesQuicksandfillsPittarnishesChaintarnishesGunscattersLawechoesWhiptarnishesSworderodesRockcarries smell ofDeathbuffetsWallcools heat ofSunknocks overCameraspreadsFireechoesChainsawheadedSchooleclipses
SnakecoversPlanet-Guitartips overBowltips overCupstalesBeercreatesRainevaporatesWaterheadedT.V.suspendsRainbowchokesU.F.O.chokesAlienechoesPrayerchillsMountainchokesSatanfreezesDragonscattersDiamondcoolsPlatimumcoolsGoldchokesDevilwobblesFencefreezesVideo GamescattersMathtarnishesRobotfeedsHeartconductsElectricityconductsLightningfreezesMedusamakes windPowerweakensLaserblows astrayNukebecomesSky-TanktossesHelicopterblows outDynamitecreatesTornadoescapesQuicksandfillsPittarnishesChaintarnishesGunscattersLawechoesWhiptarnishesSworderodesRockcarries smell ofDeathbuffetsWallcools heat ofSunknocks overCameraspreadsFireechoesChainsawheadedSchooleclipses
SpidercoversPlanet-Guitartips overBowltips overCupstalesBeercreatesRainevaporatesWaterheadedT.V.suspendsRainbowchokesU.F.O.chokesAlienechoesPrayerchillsMountainchokesSatanfreezesDragonscattersDiamondcoolsPlatimumcoolsGoldchokesDevilwobblesFencefreezesVideo GamescattersMathtarnishesRobotfeedsHeartconductsElectricityconductsLightningfreezesMedusamakes windPowerweakensLaserblows astrayNukebecomesSky-TanktossesHelicopterblows outDynamitecreatesTornadoescapesQuicksandfillsPittarnishesChaintarnishesGunscattersLawechoesWhiptarnishesSworderodesRockcarries smell ofDeathbuffetsWallcools heat ofSunknocks overCameraspreadsFireechoesChainsawheadedSchooleclipses
SpongecoversPlanet-Guitartips overBowltips overCupstalesBeercreatesRainevaporatesWaterheadedT.V.suspendsRainbowchokesU.F.O.chokesAlienechoesPrayerchillsMountainchokesSatanfreezesDragonscattersDiamondcoolsPlatimumcoolsGoldchokesDevilwobblesFencefreezesVideo GamescattersMathtarnishesRobotfeedsHeartconductsElectricityconductsLightningfreezesMedusamakes windPowerweakensLaserblows astrayNukebecomesSky-TanktossesHelicopterblows outDynamitecreatesTornadoescapesQuicksandfillsPittarnishesChaintarnishesGunscattersLawechoesWhiptarnishesSworderodesRockcarries smell ofDeathbuffetsWallcools heat ofSunknocks overCameraspreadsFireechoesChainsawheadedSchooleclipses
SuncoversPlanet-Guitartips overBowltips overCupstalesBeercreatesRainevaporatesWaterheadedT.V.suspendsRainbowchokesU.F.O.chokesAlienechoesPrayerchillsMountainchokesSatanfreezesDragonscattersDiamondcoolsPlatimumcoolsGoldchokesDevilwobblesFencefreezesVideo GamescattersMathtarnishesRobotfeedsHeartconductsElectricityconductsLightningfreezesMedusamakes windPowerweakensLaserblows astrayNukebecomesSky-TanktossesHelicopterblows outDynamitecreatesTornadoescapesQuicksandfillsPittarnishesChaintarnishesGunscattersLawechoesWhiptarnishesSworderodesRockcarries smell ofDeathbuffetsWallcools heat ofSunknocks overCameraspreadsFireechoesChainsawheadedSchooleclipses
SwordcoversPlanet-Guitartips overBowltips overCupstalesBeercreatesRainevaporatesWaterheadedT.V.suspendsRainbowchokesU.F.O.chokesAlienechoesPrayerchillsMountainchokesSatanfreezesDragonscattersDiamondcoolsPlatimumcoolsGoldchokesDevilwobblesFencefreezesVideo GamescattersMathtarnishesRobotfeedsHeartconductsElectricityconductsLightningfreezesMedusamakes windPowerweakensLaserblows astrayNukebecomesSky-TanktossesHelicopterblows outDynamitecreatesTornadoescapesQuicksandfillsPittarnishesChaintarnishesGunscattersLawechoesWhiptarnishesSworderodesRockcarries smell ofDeathbuffetsWallcools heat ofSunknocks overCameraspreadsFireechoesChainsawheadedSchooleclipses
T.V.coversPlanet-Guitartips overBowltips overCupstalesBeercreatesRainevaporatesWaterheadedT.V.suspendsRainbowchokesU.F.O.chokesAlienechoesPrayerchillsMountainchokesSatanfreezesDragonscattersDiamondcoolsPlatimumcoolsGoldchokesDevilwobblesFencefreezesVideo GamescattersMathtarnishesRobotfeedsHeartconductsElectricityconductsLightningfreezesMedusamakes windPowerweakensLaserblows astrayNukebecomesSky-TanktossesHelicopterblows outDynamitecreatesTornadoescapesQuicksandfillsPittarnishesChaintarnishesGunscattersLawechoesWhiptarnishesSworderodesRockcarries smell ofDeathbuffetsWallcools heat ofSunknocks overCameraspreadsFireechoesChainsawheadedSchooleclipses
TankcoversPlanet-Guitartips overBowltips overCupstalesBeercreatesRainevaporatesWaterheadedT.V.suspendsRainbowchokesU.F.O.chokesAlienechoesPrayerchillsMountainchokesSatanfreezesDragonscattersDiamondcoolsPlatimumcoolsGoldchokesDevilwobblesFencefreezesVideo GamescattersMathtarnishesRobotfeedsHeartconductsElectricityconductsLightningfreezesMedusamakes windPowerweakensLaserblows astrayNukebecomesSky-TanktossesHelicopterblows outDynamitecreatesTornadoescapesQuicksandfillsPittarnishesChaintarnishesGunscattersLawechoesWhiptarnishesSworderodesRockcarries smell ofDeathbuffetsWallcools heat ofSunknocks overCameraspreadsFireechoesChainsawheadedSchooleclipses
ToiletcoversPlanet-Guitartips overBowltips overCupstalesBeercreatesRainevaporatesWaterheadedT.V.suspendsRainbowchokesU.F.O.chokesAlienechoesPrayerchillsMountainchokesSatanfreezesDragonscattersDiamondcoolsPlatimumcoolsGoldchokesDevilwobblesFencefreezesVideo GamescattersMathtarnishesRobotfeedsHeartconductsElectricityconductsLightningfreezesMedusamakes windPowerweakensLaserblows astrayNukebecomesSky-TanktossesHelicopterblows outDynamitecreatesTornadoescapesQuicksandfillsPittarnishesChaintarnishesGunscattersLawechoesWhiptarnishesSworderodesRockcarries smell ofDeathbuffetsWallcools heat ofSunknocks overCameraspreadsFireechoesChainsawheadedSchooleclipses
TornadocoversPlanet-Guitartips overBowltips overCupstalesBeercreatesRainevaporatesWaterheadedT.V.suspendsRainbowchokesU.F.O.chokesAlienechoesPrayerchillsMountainchokesSatanfreezesDragonscattersDiamondcoolsPlatimumcoolsGoldchokesDevilwobblesFencefreezesVideo GamescattersMathtarnishesRobotfeedsHeartconductsElectricityconductsLightningfreezesMedusamakes windPowerweakensLaserblows astrayNukebecomesSky-TanktossesHelicopterblows outDynamitecreatesTornadoescapesQuicksandfillsPittarnishesChaintarnishesGunscattersLawechoesWhiptarnishesSworderodesRockcarries smell ofDeathbuffetsWallcools heat ofSunknocks overCameraspreadsFireechoesChainsawheadedSchooleclipses
TraincoversPlanet-Guitartips overBowltips overCupstalesBeercreatesRainevaporatesWaterheadedT.V.suspendsRainbowchokesU.F.O.chokesAlienechoesPrayerchillsMountainchokesSatanfreezesDragonscattersDiamondcoolsPlatimumcoolsGoldchokesDevilwobblesFencefreezesVideo GamescattersMathtarnishesRobotfeedsHeartconductsElectricityconductsLightningfreezesMedusamakes windPowerweakensLaserblows astrayNukebecomesSky-TanktossesHelicopterblows outDynamitecreatesTornadoescapesQuicksandfillsPittarnishesChaintarnishesGunscattersLawechoesWhiptarnishesSworderodesRockcarries smell ofDeathbuffetsWallcools heat ofSunknocks overCameraspreadsFireechoesChainsawheadedSchooleclipses
TreecoversPlanet-Guitartips overBowltips overCupstalesBeercreatesRainevaporatesWaterheadedT.V.suspendsRainbowchokesU.F.O.chokesAlienechoesPrayerchillsMountainchokesSatanfreezesDragonscattersDiamondcoolsPlatimumcoolsGoldchokesDevilwobblesFencefreezesVideo GamescattersMathtarnishesRobotfeedsHeartconductsElectricityconductsLightningfreezesMedusamakes windPowerweakensLaserblows astrayNukebecomesSky-TanktossesHelicopterblows outDynamitecreatesTornadoescapesQuicksandfillsPittarnishesChaintarnishesGunscattersLawechoesWhiptarnishesSworderodesRockcarries smell ofDeathbuffetsWallcools heat ofSunknocks overCameraspreadsFireechoesChainsawheadedSchooleclipses
TurnipcoversPlanet-Guitartips overBowltips overCupstalesBeercreatesRainevaporatesWaterheadedT.V.suspendsRainbowchokesU.F.O.chokesAlienechoesPrayerchillsMountainchokesSatanfreezesDragonscattersDiamondcoolsPlatimumcoolsGoldchokesDevilwobblesFencefreezesVideo GamescattersMathtarnishesRobotfeedsHeartconductsElectricityconductsLightningfreezesMedusamakes windPowerweakensLaserblows astrayNukebecomesSky-TanktossesHelicopterblows outDynamitecreatesTornadoescapesQuicksandfillsPittarnishesChaintarnishesGunscattersLawechoesWhiptarnishesSworderodesRockcarries smell ofDeathbuffetsWallcools heat ofSunknocks overCameraspreadsFireechoesChainsawheadedSchooleclipses
U.F.O.coversPlanet-Guitartips overBowltips overCupstalesBeercreatesRainevaporatesWaterheadedT.V.suspendsRainbowchokesU.F.O.chokesAlienechoesPrayerchillsMountainchokesSatanfreezesDragonscattersDiamondcoolsPlatimumcoolsGoldchokesDevilwobblesFencefreezesVideo GamescattersMathtarnishesRobotfeedsHeartconductsElectricityconductsLightningfreezesMedusamakes windPowerweakensLaserblows astrayNukebecomesSky-TanktossesHelicopterblows outDynamitecreatesTornadoescapesQuicksandfillsPittarnishesChaintarnishesGunscattersLawechoesWhiptarnishesSworderodesRockcarries smell ofDeathbuffetsWallcools heat ofSunknocks overCameraspreadsFireechoesChainsawheadedSchooleclipses
VampirecoversPlanet-Guitartips overBowltips overCupstalesBeercreatesRainevaporatesWaterheadedT.V.suspendsRainbowchokesU.F.O.chokesAlienechoesPrayerchillsMountainchokesSatanfreezesDragonscattersDiamondcoolsPlatimumcoolsGoldchokesDevilwobblesFencefreezesVideo GamescattersMathtarnishesRobotfeedsHeartconductsElectricityconductsLightningfreezesMedusamakes windPowerweakensLaserblows astrayNukebecomesSky-TanktossesHelicopterblows outDynamitecreatesTornadoescapesQuicksandfillsPittarnishesChaintarnishesGunscattersLawechoesWhiptarnishesSworderodesRockcarries smell ofDeathbuffetsWallcools heat ofSunknocks overCameraspreadsFireechoesChainsawheadedSchooleclipses
Video GamecoversPlanet-Guitartips overBowltips overCupstalesBeercreatesRainevaporatesWaterheadedT.V.suspendsRainbowchokesU.F.O.chokesAlienechoesPrayerchillsMountainchokesSatanfreezesDragonscattersDiamondcoolsPlatimumcoolsGoldchokesDevilwobblesFencefreezesVideo GamescattersMathtarnishesRobotfeedsHeartconductsElectricityconductsLightningfreezesMedusamakes windPowerweakensLaserblows astrayNukebecomesSky-TanktossesHelicopterblows outDynamitecreatesTornadoescapesQuicksandfillsPittarnishesChaintarnishesGunscattersLawechoesWhiptarnishesSworderodesRockcarries smell ofDeathbuffetsWallcools heat ofSunknocks overCameraspreadsFireechoesChainsawheadedSchooleclipses
VulturecoversPlanet-Guitartips overBowltips overCupstalesBeercreatesRainevaporatesWaterheadedT.V.suspendsRainbowchokesU.F.O.chokesAlienechoesPrayerchillsMountainchokesSatanfreezesDragonscattersDiamondcoolsPlatimumcoolsGoldchokesDevilwobblesFencefreezesVideo GamescattersMathtarnishesRobotfeedsHeartconductsElectricityconductsLightningfreezesMedusamakes windPowerweakensLaserblows astrayNukebecomesSky-TanktossesHelicopterblows outDynamitecreatesTornadoescapesQuicksandfillsPittarnishesChaintarnishesGunscattersLawechoesWhiptarnishesSworderodesRockcarries smell ofDeathbuffetsWallcools heat ofSunknocks overCameraspreadsFireechoesChainsawheadedSchooleclipses
WallcoversPlanet-Guitartips overBowltips overCupstalesBeercreatesRainevaporatesWaterheadedT.V.suspendsRainbowchokesU.F.O.chokesAlienechoesPrayerchillsMountainchokesSatanfreezesDragonscattersDiamondcoolsPlatimumcoolsGoldchokesDevilwobblesFencefreezesVideo GamescattersMathtarnishesRobotfeedsHeartconductsElectricityconductsLightningfreezesMedusamakes windPowerweakensLaserblows astrayNukebecomesSky-TanktossesHelicopterblows outDynamitecreatesTornadoescapesQuicksandfillsPittarnishesChaintarnishesGunscattersLawechoesWhiptarnishesSworderodesRockcarries smell ofDeathbuffetsWallcools heat ofSunknocks overCameraspreadsFireechoesChainsawheadedSchooleclipses
WatercoversPlanet-Guitartips overBowltips overCupstalesBeercreatesRainevaporatesWaterheadedT.V.suspendsRainbowchokesU.F.O.chokesAlienechoesPrayerchillsMountainchokesSatanfreezesDragonscattersDiamondcoolsPlatimumcoolsGoldchokesDevilwobblesFencefreezesVideo GamescattersMathtarnishesRobotfeedsHeartconductsElectricityconductsLightningfreezesMedusamakes windPowerweakensLaserblows astrayNukebecomesSky-TanktossesHelicopterblows outDynamitecreatesTornadoescapesQuicksandfillsPittarnishesChaintarnishesGunscattersLawechoesWhiptarnishesSworderodesRockcarries smell ofDeathbuffetsWallcools heat ofSunknocks overCameraspreadsFireechoesChainsawheadedSchooleclipses
WhipcoversPlanet-Guitartips overBowltips overCupstalesBeercreatesRainevaporatesWaterheadedT.V.suspendsRainbowchokesU.F.O.chokesAlienechoesPrayerchillsMountainchokesSatanfreezesDragonscattersDiamondcoolsPlatimumcoolsGoldchokesDevilwobblesFencefreezesVideo GamescattersMathtarnishesRobotfeedsHeartconductsElectricityconductsLightningfreezesMedusamakes windPowerweakensLaserblows astrayNukebecomesSky-TanktossesHelicopterblows outDynamitecreatesTornadoescapesQuicksandfillsPittarnishesChaintarnishesGunscattersLawechoesWhiptarnishesSworderodesRockcarries smell ofDeathbuffetsWallcools heat ofSunknocks overCameraspreadsFireechoesChainsawheadedSchooleclipses
WolfcoversPlanet-Guitartips overBowltips overCupstalesBeercreatesRainevaporatesWaterheadedT.V.suspendsRainbowchokesU.F.O.chokesAlienechoesPrayerchillsMountainchokesSatanfreezesDragonscattersDiamondcoolsPlatimumcoolsGoldchokesDevilwobblesFencefreezesVideo GamescattersMathtarnishesRobotfeedsHeartconductsElectricityconductsLightningfreezesMedusamakes windPowerweakensLaserblows astrayNukebecomesSky-TanktossesHelicopterblows outDynamitecreatesTornadoescapesQuicksandfillsPittarnishesChaintarnishesGunscattersLawechoesWhiptarnishesSworderodesRockcarries smell ofDeathbuffetsWallcools heat ofSunknocks overCameraspreadsFireechoesChainsawheadedSchooleclipses
WomancoversPlanet-Guitartips overBowltips overCupstalesBeercreatesRainevaporatesWaterheadedT.V.suspendsRainbowchokesU.F.O.chokesAlienechoesPrayerchillsMountainchokesSatanfreezesDragonscattersDiamondcoolsPlatimumcoolsGoldchokesDevilwobblesFencefreezesVideo GamescattersMathtarnishesRobotfeedsHeartconductsElectricityconductsLightningfreezesMedusamakes windPowerweakensLaserblows astrayNukebecomesSky-TanktossesHelicopterblows outDynamitecreatesTornadoescapesQuicksandfillsPittarnishesChaintarnishesGunscattersLawechoesWhiptarnishesSworderodesRockcarries smell ofDeathbuffetsWallcools heat ofSunknocks overCameraspreadsFireechoesChainsawheadedSchooleclipses
